,age,gender,year_in_school,major,monthly_income,financial_aid,tuition,housing,food,transportation,books_supplies,entertainment,personal_care,technology,health_wellness,miscellaneous,preferred_payment_method
0,19,Non-binary,Freshman,Psychology,958,270,5939,709,296,123,188,41,78,134,127,72,Credit/Debit Card
1,24,Female,Junior,Economics,1006,875,4908,557,365,85,252,74,92,226,129,68,Credit/Debit Card
2,24,Non-binary,Junior,Economics,734,928,3051,666,220,137,99,130,23,239,112,133,Cash
3,23,Female,Senior,Computer Science,617,265,4935,652,289,114,223,99,30,163,105,55,Mobile Payment App
4,20,Female,Senior,Computer Science,810,522,3887,825,372,168,194,48,71,88,71,104,Credit/Debit Card
5,25,Non-binary,Sophomore,Computer Science,523,790,3151,413,386,122,131,73,38,234,108,99,Mobile Payment App
6,23,Female,Freshman,Engineering,1354,69,4973,812,398,101,213,21,38,157,117,48,Credit/Debit Card
7,23,Female,Junior,Economics,631,748,3966,571,269,92,251,37,90,152,56,62,Mobile Payment App
8,22,Non-binary,Senior,Computer Science,1402,248,5638,599,354,82,155,123,41,162,172,194,Credit/Debit Card
9,18,Female,Junior,Computer Science,1423,74,3977,626,249,117,123,51,74,243,34,196,Mobile Payment App
10,23,Male,Junior,Biology,762,615,4093,660,262,58,183,98,21,274,66,50,Credit/Debit Card
11,25,Male,Freshman,Engineering,1068,19,5138,734,243,200,228,57,57,209,193,146,Credit/Debit Card
12,21,Male,Sophomore,Economics,719,540,4863,894,280,120,126,41,50,78,113,114,Credit/Debit Card
13,19,Female,Junior,Biology,1176,859,5201,626,234,50,274,20,77,125,199,103,Mobile Payment App
14,24,Non-binary,Freshman,Economics,1496,75,5301,657,151,63,92,124,64,196,50,117,Cash
15,22,Non-binary,Sophomore,Computer Science,1227,26,4175,884,328,167,175,111,96,73,154,109,Cash
16,23,Female,Freshman,Psychology,1419,237,5450,883,361,200,141,76,22,285,185,76,Cash
17,21,Female,Freshman,Computer Science,1454,851,3538,754,357,110,188,33,24,50,74,46,Mobile Payment App
18,19,Female,Sophomore,Psychology,1487,311,4401,883,292,69,51,75,60,105,181,164,Credit/Debit Card
19,20,Female,Senior,Engineering,1157,401,3131,886,196,131,216,57,39,264,39,174,Mobile Payment App
20,19,Male,Junior,Psychology,1180,732,4206,597,254,195,67,51,21,97,185,46,Credit/Debit Card
21,24,Male,Sophomore,Computer Science,516,549,4878,814,286,180,282,55,25,77,73,184,Mobile Payment App
22,18,Non-binary,Sophomore,Biology,1225,610,4998,473,159,134,294,37,86,159,60,43,Cash
23,24,Non-binary,Senior,Economics,582,285,4210,421,348,138,143,62,85,218,113,60,Credit/Debit Card
24,19,Female,Senior,Economics,1062,56,4500,731,238,103,76,111,95,238,74,83,Mobile Payment App
25,25,Female,Junior,Biology,1054,528,5486,789,400,81,211,95,74,237,140,136,Mobile Payment App
26,20,Male,Senior,Economics,667,690,3541,762,173,185,288,53,38,84,159,137,Credit/Debit Card
27,20,Female,Junior,Psychology,796,705,5616,664,291,179,260,127,21,113,194,80,Credit/Debit Card
28,24,Non-binary,Sophomore,Psychology,905,671,4156,444,163,131,141,132,31,156,95,128,Credit/Debit Card
29,23,Non-binary,Junior,Engineering,531,448,3099,742,394,179,95,64,62,73,104,173,Mobile Payment App
30,23,Non-binary,Freshman,Economics,1426,3,5943,677,296,110,137,146,21,155,105,26,Mobile Payment App
31,23,Male,Sophomore,Psychology,1465,302,5417,468,113,190,134,119,82,276,165,191,Mobile Payment App
32,24,Non-binary,Junior,Computer Science,522,555,5236,860,169,133,147,123,48,138,89,150,Credit/Debit Card
33,25,Female,Freshman,Economics,1338,110,5615,468,325,158,244,98,46,231,183,80,Cash
34,23,Male,Junior,Biology,1363,365,3222,695,185,166,99,116,68,77,31,161,Mobile Payment App
35,21,Male,Freshman,Biology,1328,320,3090,718,254,93,204,74,30,228,60,179,Cash
36,22,Male,Sophomore,Engineering,1350,675,3931,462,372,147,282,149,92,269,105,190,Cash
37,23,Non-binary,Senior,Computer Science,1309,265,5160,600,178,148,186,88,78,242,54,172,Cash
38,21,Female,Senior,Biology,965,251,5344,695,249,88,249,49,29,298,96,31,Cash
39,20,Female,Senior,Engineering,600,392,5733,791,309,178,67,22,29,142,74,105,Mobile Payment App
40,24,Female,Freshman,Engineering,605,118,5696,653,165,189,151,86,82,117,83,156,Mobile Payment App
41,25,Male,Sophomore,Economics,804,140,5332,517,289,147,153,125,43,159,44,127,Cash
42,23,Female,Sophomore,Economics,1274,449,4639,755,137,55,249,103,50,176,67,175,Cash
43,23,Male,Junior,Psychology,509,942,3958,511,391,192,264,57,85,108,115,141,Credit/Debit Card
44,23,Female,Senior,Economics,1285,881,3823,740,253,182,230,32,92,118,34,39,Credit/Debit Card
45,18,Male,Freshman,Computer Science,929,348,3854,590,204,196,183,129,80,163,116,55,Credit/Debit Card
46,25,Non-binary,Freshman,Psychology,1163,235,4951,549,261,86,185,102,21,252,31,88,Cash
47,19,Male,Senior,Psychology,1195,745,5269,920,167,57,88,113,60,242,35,106,Mobile Payment App
48,25,Male,Junior,Psychology,1036,260,4141,918,122,86,105,62,88,90,169,137,Cash
49,24,Female,Junior,Economics,588,211,4875,604,163,101,198,89,23,128,62,42,Mobile Payment App
50,20,Female,Junior,Engineering,1377,723,5414,786,355,137,187,45,90,145,200,27,Cash
51,21,Non-binary,Freshman,Economics,1451,479,5481,661,140,67,128,31,48,293,37,128,Credit/Debit Card
52,19,Male,Senior,Computer Science,669,660,3823,837,193,115,75,121,65,150,96,58,Cash
53,18,Male,Freshman,Psychology,1294,818,4079,806,115,97,71,24,31,79,107,63,Mobile Payment App
54,24,Non-binary,Senior,Engineering,941,90,3688,963,372,197,146,32,86,109,45,198,Mobile Payment App
55,22,Female,Sophomore,Engineering,1131,312,4244,926,339,142,237,145,93,121,91,158,Cash
56,24,Non-binary,Freshman,Computer Science,854,700,4824,525,223,145,133,47,91,294,191,170,Cash
57,20,Male,Sophomore,Economics,1158,653,3017,960,216,193,299,40,61,263,55,141,Mobile Payment App
58,25,Non-binary,Sophomore,Biology,668,50,3650,466,377,161,221,60,80,180,142,86,Mobile Payment App
59,20,Female,Junior,Biology,695,970,4694,626,304,104,200,47,71,223,93,191,Mobile Payment App
60,20,Male,Junior,Engineering,1375,722,5389,416,132,193,149,67,27,261,46,43,Mobile Payment App
61,23,Female,Junior,Engineering,1084,315,5205,721,230,76,141,86,34,187,159,144,Mobile Payment App
62,18,Female,Senior,Biology,733,838,5248,977,298,164,241,85,78,281,121,168,Cash
63,20,Non-binary,Freshman,Economics,1061,989,5194,464,370,58,77,135,34,124,40,171,Mobile Payment App
64,19,Female,Junior,Computer Science,1352,13,3403,477,144,82,190,109,84,81,56,80,Mobile Payment App
65,19,Male,Freshman,Biology,1092,550,5841,916,150,143,257,90,29,262,192,177,Mobile Payment App
66,24,Male,Freshman,Economics,963,367,3830,883,260,79,139,135,64,54,81,74,Mobile Payment App
67,21,Female,Junior,Engineering,1204,121,4261,488,283,111,287,115,56,230,85,24,Credit/Debit Card
68,23,Male,Senior,Engineering,1184,104,5380,940,115,185,171,58,45,111,30,169,Mobile Payment App
69,22,Male,Junior,Economics,562,728,4560,986,306,105,109,90,99,187,195,34,Mobile Payment App
70,19,Male,Freshman,Economics,1218,878,4643,451,234,169,240,105,21,238,101,38,Mobile Payment App
71,21,Non-binary,Sophomore,Computer Science,1235,805,5442,745,390,150,228,96,80,104,35,131,Cash
72,23,Non-binary,Sophomore,Economics,1424,367,3220,684,328,118,91,143,88,98,159,54,Cash
73,22,Female,Freshman,Biology,1176,804,4272,861,305,97,106,103,43,185,104,67,Mobile Payment App
74,25,Female,Sophomore,Engineering,1334,81,3986,873,180,186,236,23,61,88,87,33,Credit/Debit Card
75,19,Female,Senior,Computer Science,1442,354,5371,733,153,166,105,29,80,86,137,109,Cash
76,22,Male,Sophomore,Computer Science,983,862,5650,648,159,128,259,124,97,96,150,134,Cash
77,24,Female,Sophomore,Computer Science,914,24,4881,564,149,55,61,129,79,180,94,33,Credit/Debit Card
78,22,Non-binary,Senior,Economics,898,155,5428,868,175,129,148,114,74,196,104,77,Cash
79,23,Non-binary,Junior,Economics,1164,357,5212,631,331,125,199,115,48,130,107,196,Cash
80,18,Female,Freshman,Biology,1484,594,4636,518,299,74,55,104,87,122,171,193,Mobile Payment App
81,19,Female,Junior,Biology,1127,850,5104,623,385,94,193,29,57,259,113,31,Mobile Payment App
82,24,Non-binary,Senior,Biology,1105,671,5501,841,235,164,109,144,100,252,198,36,Cash
83,19,Male,Freshman,Computer Science,1351,156,4529,678,186,178,75,34,95,97,140,75,Mobile Payment App
84,22,Female,Freshman,Biology,930,768,3050,490,349,54,174,80,51,278,143,41,Mobile Payment App
85,25,Non-binary,Senior,Computer Science,1346,932,5683,718,376,152,156,94,81,220,145,83,Credit/Debit Card
86,25,Non-binary,Sophomore,Computer Science,1240,44,3901,618,315,177,180,41,63,247,112,138,Credit/Debit Card
87,25,Female,Junior,Computer Science,727,143,4051,840,269,119,121,132,40,173,198,125,Credit/Debit Card
88,20,Female,Junior,Economics,622,959,4707,431,234,184,264,54,84,295,162,177,Mobile Payment App
89,23,Male,Sophomore,Economics,800,933,5304,421,144,97,51,103,66,247,183,92,Credit/Debit Card
90,18,Non-binary,Junior,Psychology,1199,516,5959,778,260,82,238,74,82,149,126,62,Credit/Debit Card
91,19,Male,Senior,Economics,1006,392,3526,411,357,109,268,107,94,65,138,145,Cash
92,23,Non-binary,Sophomore,Economics,1295,903,4423,791,397,144,64,59,79,187,189,113,Mobile Payment App
93,18,Male,Sophomore,Economics,1222,625,4236,862,127,180,63,91,90,191,87,122,Mobile Payment App
94,18,Female,Senior,Computer Science,1384,800,4822,809,237,174,85,21,72,130,185,104,Credit/Debit Card
95,18,Female,Junior,Engineering,1035,513,3367,760,182,57,95,119,21,166,149,119,Credit/Debit Card
96,20,Male,Freshman,Economics,1395,723,5126,551,258,130,81,102,84,234,172,78,Credit/Debit Card
97,18,Non-binary,Sophomore,Biology,767,457,5096,780,331,200,115,89,27,265,175,158,Credit/Debit Card
98,24,Female,Senior,Biology,933,452,4706,787,166,136,106,112,63,270,86,29,Cash
99,23,Male,Junior,Psychology,803,796,3471,931,293,54,146,142,58,84,104,41,Mobile Payment App
100,22,Male,Sophomore,Psychology,1333,231,3300,971,295,51,219,91,94,259,161,50,Cash
101,23,Female,Senior,Psychology,1115,437,5317,818,341,136,116,115,22,56,38,106,Mobile Payment App
102,20,Female,Sophomore,Psychology,920,149,3366,636,295,143,77,120,96,137,162,178,Cash
103,25,Male,Junior,Psychology,780,95,5931,759,216,99,251,20,38,192,105,97,Cash
104,21,Female,Junior,Psychology,882,912,5570,555,305,103,81,112,28,112,162,197,Mobile Payment App
105,21,Female,Senior,Computer Science,959,258,3200,464,360,153,220,26,88,144,161,134,Cash
106,25,Female,Senior,Psychology,748,494,4789,447,353,164,201,60,43,99,93,172,Mobile Payment App
107,21,Male,Junior,Biology,810,73,4884,742,112,173,276,136,63,294,161,136,Mobile Payment App
108,20,Male,Sophomore,Computer Science,965,322,4992,433,175,56,71,89,74,66,59,130,Mobile Payment App
109,24,Male,Senior,Psychology,784,513,4906,863,116,110,140,116,56,264,179,160,Credit/Debit Card
110,22,Male,Sophomore,Economics,970,553,5894,680,344,156,114,120,79,53,40,156,Mobile Payment App
111,23,Non-binary,Senior,Economics,1349,873,5866,661,205,129,88,72,28,192,72,101,Credit/Debit Card
112,19,Female,Senior,Psychology,760,61,5429,831,268,84,63,26,92,278,185,60,Credit/Debit Card
113,21,Female,Freshman,Computer Science,702,273,4977,906,385,106,277,148,41,205,149,116,Cash
114,21,Male,Junior,Engineering,720,675,5309,661,284,95,153,93,21,108,81,64,Mobile Payment App
115,22,Male,Freshman,Biology,1286,789,3618,902,343,194,182,74,62,171,126,112,Mobile Payment App
116,22,Female,Sophomore,Engineering,1135,261,4753,629,335,168,97,113,60,223,44,62,Cash
117,18,Non-binary,Senior,Engineering,1030,240,3108,859,386,147,208,27,60,265,36,23,Credit/Debit Card
118,21,Female,Senior,Engineering,1265,722,4579,760,122,122,63,34,48,250,153,184,Credit/Debit Card
119,24,Female,Freshman,Psychology,1175,803,5634,444,290,170,63,25,37,275,111,101,Mobile Payment App
120,23,Female,Freshman,Psychology,1083,10,5275,640,236,153,257,62,87,188,55,59,Mobile Payment App
121,24,Non-binary,Freshman,Biology,1487,940,3167,765,202,146,183,145,23,233,120,44,Mobile Payment App
122,25,Non-binary,Junior,Computer Science,1327,196,5067,613,278,179,187,149,38,227,162,104,Cash
123,22,Non-binary,Senior,Economics,1095,165,4532,801,253,167,243,73,33,110,66,98,Credit/Debit Card
124,23,Male,Senior,Biology,1460,436,3230,787,377,176,158,117,78,299,84,43,Mobile Payment App
125,20,Female,Freshman,Engineering,1354,427,3691,515,224,120,125,71,46,140,184,177,Credit/Debit Card
126,20,Male,Sophomore,Biology,836,620,4311,584,301,160,193,91,46,143,120,53,Cash
127,22,Male,Junior,Engineering,1212,529,4012,897,400,53,120,117,88,284,119,105,Credit/Debit Card
128,20,Non-binary,Senior,Engineering,1483,277,3413,554,182,138,275,72,35,160,74,190,Credit/Debit Card
129,22,Non-binary,Sophomore,Computer Science,998,935,5420,516,297,96,103,129,78,251,109,63,Credit/Debit Card
130,22,Non-binary,Senior,Biology,885,325,4389,907,317,144,126,149,89,243,156,81,Credit/Debit Card
131,25,Male,Senior,Engineering,726,333,3854,738,177,195,110,92,77,117,30,50,Credit/Debit Card
132,25,Female,Junior,Psychology,1037,990,4885,481,367,130,272,56,57,150,92,22,Mobile Payment App
133,22,Female,Freshman,Engineering,1456,993,3377,733,201,94,284,123,34,59,77,97,Mobile Payment App
134,24,Male,Junior,Economics,676,183,4129,600,135,75,227,25,22,200,164,133,Mobile Payment App
135,24,Female,Senior,Psychology,571,215,5579,424,133,149,139,29,58,275,173,109,Mobile Payment App
136,23,Male,Junior,Computer Science,1213,761,5944,768,246,196,165,52,68,198,180,40,Mobile Payment App
137,24,Female,Sophomore,Psychology,1112,547,5305,498,357,170,183,92,84,138,92,197,Cash
138,18,Female,Sophomore,Economics,1100,535,4834,593,201,197,78,92,44,178,198,45,Credit/Debit Card
139,21,Male,Sophomore,Psychology,526,375,4279,747,159,183,197,67,21,88,58,108,Cash
140,22,Male,Junior,Computer Science,951,202,3172,818,158,68,95,76,63,122,47,96,Mobile Payment App
141,23,Male,Sophomore,Computer Science,1301,163,5696,899,117,51,278,22,22,153,70,150,Cash
142,25,Male,Junior,Psychology,1103,5,5960,676,375,149,133,76,33,212,165,169,Mobile Payment App
143,24,Male,Senior,Computer Science,1083,466,5692,644,111,80,235,76,42,108,65,73,Cash
144,23,Female,Senior,Engineering,860,47,3057,614,235,115,117,71,72,226,94,126,Cash
145,18,Male,Senior,Biology,1354,882,3341,969,348,75,126,49,93,201,116,178,Cash
146,23,Male,Senior,Biology,877,847,4768,465,221,96,52,39,73,94,141,64,Credit/Debit Card
147,21,Male,Freshman,Engineering,649,577,3046,931,224,161,200,24,80,213,135,180,Credit/Debit Card
148,24,Male,Sophomore,Computer Science,897,220,4655,799,358,125,290,80,23,156,177,46,Credit/Debit Card
149,21,Non-binary,Freshman,Psychology,1147,872,3709,581,102,188,225,98,72,273,126,166,Mobile Payment App
150,23,Non-binary,Senior,Biology,1367,606,5577,916,260,78,213,145,71,223,123,199,Credit/Debit Card
151,21,Male,Freshman,Computer Science,647,382,4943,807,149,61,214,136,26,191,102,107,Cash
152,21,Female,Senior,Engineering,656,725,3360,931,329,188,95,120,92,102,59,198,Credit/Debit Card
153,19,Non-binary,Junior,Economics,1131,315,3194,468,328,177,118,26,69,66,161,120,Mobile Payment App
154,19,Female,Freshman,Psychology,1319,803,4160,677,159,73,229,140,38,108,175,31,Cash
155,22,Female,Freshman,Economics,917,856,5010,434,128,184,277,98,29,115,61,66,Credit/Debit Card
156,19,Female,Sophomore,Biology,872,206,5309,944,232,166,153,58,64,67,167,86,Credit/Debit Card
157,20,Male,Sophomore,Economics,901,115,3388,737,295,84,297,66,80,146,100,93,Mobile Payment App
158,18,Male,Junior,Engineering,536,535,5547,676,255,82,111,128,35,252,160,79,Credit/Debit Card
159,25,Female,Senior,Psychology,506,931,4087,998,251,175,80,82,82,76,152,56,Mobile Payment App
160,23,Female,Junior,Economics,1201,635,3748,459,291,56,199,100,81,290,135,131,Credit/Debit Card
161,25,Non-binary,Senior,Computer Science,1189,48,5568,815,159,79,66,113,68,91,94,37,Cash
162,23,Female,Junior,Economics,546,387,3890,747,282,140,53,35,38,67,75,181,Credit/Debit Card
163,19,Non-binary,Senior,Biology,1181,989,3162,559,196,137,89,46,60,249,134,200,Cash
164,18,Female,Sophomore,Economics,810,292,3953,771,340,51,98,120,88,133,58,113,Cash
165,19,Non-binary,Freshman,Engineering,855,397,4028,633,400,146,174,148,42,77,153,122,Cash
166,23,Male,Sophomore,Biology,1354,17,5911,631,385,160,112,34,32,225,173,60,Cash
167,20,Male,Freshman,Psychology,1056,861,5433,405,183,194,187,61,66,144,107,22,Cash
168,19,Male,Freshman,Economics,620,215,4981,704,243,197,285,135,83,192,36,197,Credit/Debit Card
169,24,Female,Freshman,Economics,1207,339,4361,638,201,143,241,112,29,86,139,110,Cash
170,21,Non-binary,Sophomore,Psychology,621,456,5893,960,199,124,278,115,48,193,178,68,Cash
171,25,Female,Senior,Engineering,1033,64,4249,517,104,64,259,131,66,234,63,104,Mobile Payment App
172,19,Non-binary,Freshman,Psychology,722,2,3701,450,102,82,267,38,65,129,186,125,Mobile Payment App
173,20,Male,Freshman,Psychology,1304,76,3564,847,180,92,300,90,64,113,34,113,Mobile Payment App
174,21,Non-binary,Junior,Biology,912,970,3424,991,348,181,86,134,70,175,40,184,Credit/Debit Card
175,23,Male,Sophomore,Biology,963,871,4951,778,253,105,135,124,46,185,164,160,Cash
176,18,Female,Junior,Engineering,1286,618,3015,925,103,129,56,50,93,215,43,105,Mobile Payment App
177,18,Male,Freshman,Economics,1104,180,4653,683,362,185,90,79,91,91,99,64,Credit/Debit Card
178,23,Non-binary,Senior,Economics,697,927,3756,734,394,192,109,80,73,247,69,195,Cash
179,21,Male,Freshman,Engineering,1230,968,4254,540,285,99,169,101,57,77,87,43,Cash
180,25,Female,Junior,Engineering,1345,649,3889,919,311,133,68,149,66,69,159,162,Mobile Payment App
181,20,Female,Junior,Biology,1411,517,3074,874,151,77,219,21,44,280,57,176,Mobile Payment App
182,24,Female,Freshman,Economics,1355,282,5998,617,311,79,264,35,73,254,131,164,Credit/Debit Card
183,24,Non-binary,Junior,Economics,608,918,4056,568,336,186,159,82,89,251,166,142,Mobile Payment App
184,22,Female,Senior,Biology,566,480,3542,834,360,64,289,48,86,226,132,120,Credit/Debit Card
185,25,Female,Junior,Economics,1310,982,4548,837,219,60,72,82,51,260,30,171,Mobile Payment App
186,24,Female,Sophomore,Biology,1354,52,3169,849,335,60,199,77,45,101,195,125,Credit/Debit Card
187,23,Male,Sophomore,Economics,1020,17,4645,943,305,156,240,123,53,290,77,63,Cash
188,24,Non-binary,Senior,Engineering,1394,871,4450,416,268,133,146,22,68,172,126,185,Cash
189,22,Non-binary,Sophomore,Psychology,954,337,5756,717,159,195,196,138,26,154,160,85,Credit/Debit Card
190,21,Male,Senior,Biology,1448,794,3959,624,171,172,103,59,89,206,182,158,Mobile Payment App
191,21,Non-binary,Sophomore,Biology,968,8,4078,670,108,56,129,26,66,272,64,151,Credit/Debit Card
192,19,Male,Freshman,Economics,1450,809,4103,845,255,89,136,110,85,183,85,110,Credit/Debit Card
193,22,Female,Freshman,Computer Science,1316,938,4316,953,153,179,229,105,66,184,151,137,Credit/Debit Card
194,24,Male,Freshman,Computer Science,904,955,4075,875,310,197,201,91,83,224,186,101,Cash
195,23,Female,Junior,Computer Science,1488,77,5418,545,112,193,158,21,64,257,168,86,Cash
196,20,Female,Junior,Psychology,893,258,5877,469,131,192,222,73,84,125,176,74,Cash
197,21,Male,Freshman,Biology,527,851,4464,683,390,194,185,127,65,188,168,193,Credit/Debit Card
198,24,Male,Senior,Biology,804,640,3043,927,347,167,151,114,35,206,94,169,Credit/Debit Card
199,25,Female,Junior,Engineering,547,233,5070,633,164,94,147,123,25,236,116,37,Credit/Debit Card
200,19,Non-binary,Freshman,Computer Science,523,892,4683,438,180,65,208,108,59,192,92,132,Cash
201,24,Female,Senior,Economics,1040,970,5293,701,323,97,196,93,62,170,90,64,Credit/Debit Card
202,24,Male,Freshman,Computer Science,918,273,3012,759,113,181,62,99,81,226,155,199,Credit/Debit Card
203,23,Female,Junior,Biology,504,775,4132,997,237,69,199,111,58,62,195,195,Credit/Debit Card
204,24,Female,Senior,Economics,1203,115,3234,858,249,157,292,132,94,278,66,49,Cash
205,20,Female,Senior,Psychology,951,279,4004,453,366,121,287,71,65,207,129,122,Mobile Payment App
206,24,Non-binary,Sophomore,Psychology,857,583,3939,587,147,126,160,117,85,98,69,143,Mobile Payment App
207,19,Male,Senior,Psychology,812,539,3191,744,108,189,296,31,81,204,87,34,Cash
208,18,Male,Sophomore,Computer Science,540,649,5188,746,173,147,113,139,29,103,73,118,Credit/Debit Card
209,19,Non-binary,Junior,Psychology,889,483,3007,673,225,113,113,148,40,256,171,175,Cash
210,18,Non-binary,Freshman,Psychology,992,680,5718,533,241,84,276,65,81,141,171,51,Credit/Debit Card
211,21,Male,Junior,Biology,760,869,3712,567,291,94,86,141,97,55,165,44,Mobile Payment App
212,25,Male,Sophomore,Biology,1199,996,4865,533,207,123,70,104,76,256,189,192,Credit/Debit Card
213,20,Female,Junior,Biology,578,460,4893,488,139,168,58,105,92,177,183,92,Credit/Debit Card
214,24,Female,Senior,Economics,994,940,4885,487,143,54,79,74,53,77,66,22,Cash
215,18,Non-binary,Junior,Economics,552,481,5312,937,307,77,71,21,52,127,46,77,Mobile Payment App
216,21,Male,Junior,Computer Science,1444,792,5866,607,396,189,125,76,80,59,79,78,Credit/Debit Card
217,19,Female,Junior,Psychology,1203,550,3282,654,182,108,288,147,38,92,182,128,Mobile Payment App
218,25,Female,Sophomore,Computer Science,1481,50,4898,982,157,162,159,30,76,225,99,166,Credit/Debit Card
219,25,Non-binary,Sophomore,Economics,700,174,5318,846,206,108,284,70,23,220,169,142,Credit/Debit Card
220,25,Female,Junior,Economics,1087,415,5282,503,155,186,116,31,31,108,141,200,Mobile Payment App
221,23,Male,Senior,Economics,672,699,4520,435,153,180,61,75,56,248,195,82,Mobile Payment App
222,21,Male,Sophomore,Computer Science,825,882,4307,589,181,54,89,113,55,266,34,176,Credit/Debit Card
223,24,Male,Sophomore,Computer Science,1033,267,5997,806,374,86,229,78,31,139,153,77,Cash
224,25,Non-binary,Freshman,Engineering,774,250,5306,942,324,73,271,107,77,92,80,66,Credit/Debit Card
225,23,Male,Junior,Engineering,1365,744,3066,936,265,52,121,46,85,292,128,115,Credit/Debit Card
226,25,Non-binary,Sophomore,Economics,810,826,3709,938,206,180,112,82,45,165,110,98,Mobile Payment App
227,22,Male,Sophomore,Economics,856,33,5420,967,391,112,196,43,71,294,91,139,Mobile Payment App
228,21,Female,Senior,Psychology,985,586,4345,481,110,141,135,103,42,270,194,196,Credit/Debit Card
229,22,Non-binary,Junior,Biology,919,369,4599,788,119,170,58,124,34,97,64,185,Credit/Debit Card
230,18,Female,Sophomore,Biology,637,130,5152,559,340,62,226,42,72,244,197,42,Cash
231,20,Male,Freshman,Economics,894,327,3535,689,213,127,69,116,50,143,81,51,Credit/Debit Card
232,22,Female,Senior,Economics,874,561,3452,504,299,111,237,113,71,104,45,62,Cash
233,22,Female,Junior,Computer Science,850,699,3180,777,196,102,212,98,75,192,48,106,Credit/Debit Card
234,24,Non-binary,Junior,Engineering,879,865,5743,921,249,189,222,111,71,112,60,133,Credit/Debit Card
235,24,Female,Junior,Economics,811,346,3527,795,308,106,74,126,23,299,111,152,Credit/Debit Card
236,21,Male,Sophomore,Computer Science,809,768,4079,505,186,176,217,70,81,194,193,91,Cash
237,18,Non-binary,Senior,Psychology,596,316,5494,567,308,54,126,149,46,278,134,21,Credit/Debit Card
238,25,Male,Sophomore,Economics,856,102,3647,500,341,123,198,85,73,208,58,21,Mobile Payment App
239,25,Male,Senior,Computer Science,886,143,3489,676,219,61,198,99,95,178,46,188,Mobile Payment App
240,24,Female,Sophomore,Psychology,1205,715,5781,428,346,190,79,37,28,57,182,133,Mobile Payment App
241,21,Non-binary,Freshman,Biology,1353,444,4343,622,341,198,152,106,44,236,60,171,Cash
242,22,Male,Junior,Computer Science,1268,886,4960,917,100,53,102,98,66,228,124,176,Cash
243,23,Non-binary,Sophomore,Psychology,1112,5,3873,737,188,101,266,46,76,73,190,159,Cash
244,20,Female,Junior,Engineering,1206,639,5211,720,363,66,120,134,85,152,52,30,Cash
245,24,Male,Junior,Biology,1159,465,3153,891,226,55,95,46,58,284,41,88,Mobile Payment App
246,19,Non-binary,Sophomore,Biology,1250,113,4859,521,305,92,133,77,92,69,108,116,Mobile Payment App
247,20,Non-binary,Freshman,Computer Science,1120,327,5509,670,120,130,178,52,71,267,38,63,Mobile Payment App
248,24,Non-binary,Senior,Computer Science,1277,520,4706,538,374,183,243,80,74,246,152,46,Cash
249,19,Male,Freshman,Psychology,1442,463,5284,537,307,157,113,60,39,261,178,115,Mobile Payment App
250,24,Non-binary,Junior,Biology,776,16,4353,460,358,95,219,27,61,178,173,168,Cash
251,21,Female,Sophomore,Biology,800,311,3641,438,331,60,125,22,41,253,45,78,Mobile Payment App
252,18,Female,Junior,Computer Science,1078,910,5416,507,232,175,64,129,55,136,156,52,Credit/Debit Card
253,20,Male,Junior,Computer Science,1404,747,3920,760,237,104,122,28,82,115,75,56,Mobile Payment App
254,21,Non-binary,Junior,Psychology,1097,70,4255,447,101,125,267,119,58,76,37,94,Credit/Debit Card
255,22,Non-binary,Freshman,Biology,835,244,3098,834,380,95,243,39,51,178,101,110,Credit/Debit Card
256,18,Non-binary,Senior,Economics,755,757,3221,820,301,126,231,77,71,284,99,111,Credit/Debit Card
257,19,Male,Freshman,Engineering,1087,133,5170,872,133,86,177,73,63,198,167,32,Credit/Debit Card
258,23,Male,Sophomore,Computer Science,931,950,3012,636,329,187,96,141,96,246,193,121,Cash
259,20,Female,Sophomore,Psychology,983,321,4912,761,350,177,256,61,73,206,63,179,Credit/Debit Card
260,21,Non-binary,Sophomore,Engineering,639,854,4160,676,174,107,208,71,48,231,192,169,Mobile Payment App
261,20,Male,Junior,Engineering,527,438,4231,961,212,60,287,57,31,80,162,40,Mobile Payment App
262,24,Male,Junior,Computer Science,744,666,4930,853,134,115,197,107,73,256,117,34,Mobile Payment App
263,21,Male,Freshman,Economics,1118,367,3821,956,287,112,267,65,92,147,149,50,Mobile Payment App
264,22,Male,Senior,Engineering,1276,606,3809,970,124,97,271,96,81,110,136,42,Credit/Debit Card
265,25,Female,Junior,Engineering,880,863,4771,903,291,100,292,108,55,217,164,51,Cash
266,23,Male,Freshman,Engineering,1424,887,4645,854,140,145,156,35,36,50,114,153,Mobile Payment App
267,22,Female,Senior,Psychology,1276,500,3568,785,338,144,298,91,64,173,98,109,Mobile Payment App
268,19,Non-binary,Junior,Computer Science,697,943,5958,824,274,200,89,56,31,268,175,96,Mobile Payment App
269,23,Non-binary,Senior,Computer Science,1379,500,3665,946,114,143,211,92,20,83,113,110,Mobile Payment App
270,20,Female,Freshman,Computer Science,1466,977,5400,698,283,135,58,135,96,171,30,85,Credit/Debit Card
271,24,Male,Junior,Biology,1126,649,3565,483,259,63,53,57,43,65,40,86,Cash
272,23,Non-binary,Senior,Biology,1126,9,5535,1000,206,135,84,70,95,295,120,73,Cash
273,21,Non-binary,Senior,Biology,618,916,4952,459,192,145,202,86,81,122,150,113,Cash
274,22,Non-binary,Junior,Biology,785,303,3495,407,245,64,92,47,82,94,104,184,Mobile Payment App
275,18,Non-binary,Senior,Computer Science,770,554,3535,468,171,104,93,75,22,74,191,182,Cash
276,25,Non-binary,Sophomore,Psychology,1431,856,5216,528,377,155,191,149,56,117,124,173,Credit/Debit Card
277,18,Female,Freshman,Biology,1338,491,3955,781,100,139,175,129,24,167,149,137,Credit/Debit Card
278,25,Female,Sophomore,Psychology,1121,794,3517,407,363,101,170,60,30,168,101,124,Mobile Payment App
279,24,Female,Freshman,Engineering,1245,675,5833,944,195,107,88,79,95,166,199,122,Credit/Debit Card
280,20,Female,Senior,Computer Science,748,223,3343,919,100,142,266,77,60,103,199,87,Mobile Payment App
281,20,Female,Junior,Biology,1389,477,3610,811,152,91,234,82,33,171,96,31,Credit/Debit Card
282,19,Female,Junior,Engineering,1122,790,5969,840,365,104,134,64,98,201,57,168,Credit/Debit Card
283,23,Male,Senior,Psychology,1113,955,5456,773,349,178,79,135,78,200,135,127,Cash
284,20,Female,Sophomore,Economics,879,547,5055,407,169,105,280,90,62,238,82,172,Cash
285,18,Non-binary,Freshman,Economics,1489,202,4710,921,101,187,122,130,38,246,96,193,Mobile Payment App
286,22,Female,Freshman,Biology,869,85,5866,754,379,127,214,111,64,276,37,105,Cash
287,23,Male,Junior,Psychology,1381,520,5066,624,356,65,97,55,84,106,65,51,Mobile Payment App
288,21,Non-binary,Sophomore,Biology,1325,735,4012,880,270,200,230,121,97,248,102,157,Cash
289,20,Male,Senior,Psychology,581,492,3705,448,318,114,186,129,85,215,188,100,Cash
290,22,Non-binary,Senior,Engineering,694,245,4140,692,398,92,215,25,92,247,135,28,Mobile Payment App
291,24,Female,Sophomore,Economics,615,563,3389,403,200,109,63,145,79,233,64,153,Mobile Payment App
292,25,Female,Sophomore,Economics,1394,519,4998,879,222,84,141,21,67,96,101,111,Credit/Debit Card
293,25,Female,Freshman,Biology,800,223,5867,828,298,94,166,127,81,229,48,71,Credit/Debit Card
294,20,Male,Senior,Psychology,913,634,3541,668,375,187,171,70,91,90,133,200,Cash
295,19,Male,Sophomore,Psychology,1243,882,5570,574,106,190,73,85,97,264,94,82,Mobile Payment App
296,20,Female,Sophomore,Economics,655,685,3115,481,270,157,133,97,22,112,80,98,Credit/Debit Card
297,18,Male,Freshman,Biology,667,647,4637,906,225,123,204,81,36,89,33,137,Credit/Debit Card
298,24,Non-binary,Senior,Economics,1458,7,5143,505,329,140,265,138,65,81,49,198,Credit/Debit Card
299,22,Non-binary,Sophomore,Biology,925,350,4445,529,227,51,173,132,24,58,183,74,Mobile Payment App
300,21,Non-binary,Senior,Economics,1105,35,4114,417,308,178,152,142,90,286,84,139,Credit/Debit Card
301,18,Male,Junior,Biology,737,490,5522,758,135,160,105,65,80,281,148,112,Cash
302,25,Female,Freshman,Computer Science,1495,892,5525,767,182,97,213,135,30,196,54,21,Mobile Payment App
303,20,Male,Senior,Economics,1298,971,5002,717,249,63,214,72,40,220,80,26,Mobile Payment App
304,21,Male,Sophomore,Psychology,1272,784,3708,810,364,90,119,32,67,91,146,150,Credit/Debit Card
305,19,Female,Senior,Biology,511,825,5383,917,201,152,117,147,42,244,75,126,Credit/Debit Card
306,21,Female,Sophomore,Engineering,1161,566,5178,653,381,155,213,116,45,208,139,174,Credit/Debit Card
307,21,Male,Senior,Psychology,1112,943,5832,881,292,93,288,135,82,67,102,157,Mobile Payment App
308,25,Male,Junior,Economics,958,451,5949,655,163,78,96,150,54,78,76,176,Cash
309,25,Non-binary,Junior,Engineering,1176,186,4044,615,319,93,108,46,96,184,61,37,Credit/Debit Card
310,20,Non-binary,Senior,Engineering,727,451,3325,570,253,76,98,55,49,229,96,97,Cash
311,25,Non-binary,Senior,Biology,1483,826,3048,733,136,103,278,114,22,282,110,60,Credit/Debit Card
312,24,Male,Junior,Computer Science,881,97,4884,857,340,166,147,34,32,298,115,38,Credit/Debit Card
313,21,Male,Freshman,Engineering,1347,634,5766,562,398,134,222,43,56,108,162,34,Mobile Payment App
314,22,Female,Freshman,Psychology,725,132,4477,822,150,61,192,133,89,204,133,95,Mobile Payment App
315,18,Non-binary,Sophomore,Biology,1000,270,4171,859,194,139,246,102,65,93,185,152,Credit/Debit Card
316,24,Female,Sophomore,Engineering,795,580,4126,454,226,132,114,117,72,158,133,132,Credit/Debit Card
317,18,Male,Senior,Economics,869,447,3962,416,369,112,71,44,51,160,74,43,Mobile Payment App
318,24,Female,Freshman,Biology,543,177,4823,976,295,153,86,107,36,143,118,172,Credit/Debit Card
319,25,Male,Sophomore,Economics,1470,403,5561,704,178,104,173,36,50,81,140,114,Credit/Debit Card
320,19,Female,Freshman,Economics,734,838,4441,437,185,79,53,129,21,149,120,53,Cash
321,20,Female,Freshman,Computer Science,669,638,5929,588,290,176,218,74,23,199,65,149,Mobile Payment App
322,19,Female,Junior,Psychology,1336,417,4533,809,268,131,237,96,88,289,113,120,Cash
323,21,Female,Sophomore,Economics,1436,435,5414,748,274,89,220,34,79,241,118,113,Mobile Payment App
324,21,Non-binary,Freshman,Engineering,1339,777,5292,509,245,113,70,101,47,297,156,41,Mobile Payment App
325,18,Female,Freshman,Biology,609,201,4477,930,260,178,272,98,83,138,129,52,Credit/Debit Card
326,21,Non-binary,Sophomore,Economics,1036,169,4582,426,206,189,237,140,70,59,105,123,Mobile Payment App
327,25,Female,Senior,Engineering,1309,840,5575,923,257,115,263,78,20,236,39,78,Mobile Payment App
328,25,Male,Sophomore,Engineering,1471,521,4388,504,341,113,76,34,67,216,78,36,Cash
329,19,Male,Freshman,Engineering,658,487,3579,705,292,172,198,20,50,209,68,21,Mobile Payment App
330,19,Male,Junior,Engineering,684,728,5407,953,162,107,117,64,54,260,166,168,Mobile Payment App
331,20,Male,Sophomore,Computer Science,907,468,3358,877,152,170,63,44,47,176,158,187,Credit/Debit Card
332,18,Male,Freshman,Computer Science,846,671,4827,928,256,61,114,21,77,160,133,143,Mobile Payment App
333,18,Female,Sophomore,Biology,1175,963,5461,498,218,81,182,26,60,296,143,24,Cash
334,25,Male,Freshman,Biology,659,893,5837,867,142,77,163,105,79,184,166,140,Credit/Debit Card
335,18,Non-binary,Sophomore,Economics,1488,492,5185,450,152,120,218,91,81,257,50,39,Cash
336,22,Female,Senior,Psychology,1190,194,5107,483,299,179,173,30,68,144,170,119,Cash
337,19,Female,Junior,Psychology,742,543,5288,772,125,162,123,126,51,94,113,71,Credit/Debit Card
338,23,Non-binary,Freshman,Psychology,914,663,3265,809,175,60,125,21,81,135,194,154,Credit/Debit Card
339,19,Male,Freshman,Biology,1485,53,3659,651,221,198,124,141,85,293,57,171,Cash
340,20,Female,Junior,Biology,582,678,4190,722,112,188,97,133,66,69,131,147,Credit/Debit Card
341,19,Non-binary,Junior,Engineering,1468,415,4764,613,115,157,121,31,88,77,56,117,Credit/Debit Card
342,25,Female,Sophomore,Computer Science,1021,93,3755,512,104,188,146,103,63,183,128,34,Cash
343,24,Male,Freshman,Computer Science,760,281,4727,822,394,88,191,50,48,160,188,81,Mobile Payment App
344,24,Non-binary,Freshman,Economics,969,371,3771,889,336,59,298,35,89,201,74,75,Cash
345,23,Female,Senior,Biology,990,431,3846,594,330,89,114,54,72,82,132,125,Mobile Payment App
346,23,Non-binary,Sophomore,Engineering,1304,457,4240,878,111,165,86,123,41,120,124,27,Cash
347,23,Male,Sophomore,Biology,805,0,4759,409,255,101,285,49,45,89,115,129,Credit/Debit Card
348,25,Male,Senior,Engineering,1179,223,4058,952,340,118,65,121,51,174,41,177,Credit/Debit Card
349,18,Non-binary,Senior,Computer Science,573,299,3003,878,229,131,157,58,88,53,182,190,Mobile Payment App
350,25,Female,Senior,Psychology,843,4,4906,869,226,196,66,82,98,289,58,148,Mobile Payment App
351,23,Non-binary,Junior,Biology,1085,795,3056,501,170,136,155,70,46,192,89,38,Mobile Payment App
352,23,Female,Freshman,Biology,580,771,3789,707,322,170,244,114,75,79,188,107,Credit/Debit Card
353,25,Female,Sophomore,Computer Science,975,630,4785,693,316,177,263,121,62,233,149,32,Cash
354,23,Male,Senior,Psychology,602,608,4542,830,378,83,229,131,54,166,145,160,Credit/Debit Card
355,23,Non-binary,Senior,Economics,1103,873,4761,671,394,121,215,112,47,118,119,115,Cash
356,20,Non-binary,Freshman,Psychology,816,233,3909,949,136,165,53,59,30,275,183,32,Mobile Payment App
357,24,Male,Freshman,Engineering,1016,201,5042,606,142,54,188,106,64,162,40,84,Cash
358,23,Non-binary,Junior,Engineering,969,327,3449,516,312,182,186,25,44,186,117,164,Cash
359,21,Non-binary,Junior,Computer Science,918,831,5934,949,391,81,127,121,64,275,141,159,Credit/Debit Card
360,23,Non-binary,Senior,Computer Science,982,207,4397,710,159,118,89,109,87,225,65,69,Mobile Payment App
361,25,Male,Junior,Computer Science,1021,912,5979,785,293,86,228,32,46,135,102,72,Cash
362,22,Female,Sophomore,Psychology,521,884,5701,916,342,175,221,86,46,57,112,27,Mobile Payment App
363,24,Female,Freshman,Computer Science,1444,881,3721,458,269,70,89,72,50,182,81,130,Mobile Payment App
364,21,Male,Sophomore,Psychology,646,487,4218,822,124,74,108,52,97,68,105,48,Credit/Debit Card
365,21,Female,Freshman,Economics,1296,133,3728,464,212,184,298,72,53,198,111,135,Mobile Payment App
366,18,Non-binary,Freshman,Economics,1360,222,5759,810,164,153,77,60,99,180,177,143,Mobile Payment App
367,19,Female,Senior,Biology,1123,5,5407,404,345,122,187,73,20,215,171,190,Cash
368,18,Female,Senior,Psychology,1020,74,5837,552,123,138,267,98,63,267,163,30,Mobile Payment App
369,21,Female,Freshman,Computer Science,736,628,3757,743,256,180,209,92,92,228,44,61,Credit/Debit Card
370,23,Non-binary,Senior,Economics,931,322,5865,490,155,146,175,79,95,113,142,139,Cash
371,24,Male,Senior,Psychology,1443,982,3807,814,364,169,299,126,20,102,193,127,Mobile Payment App
372,22,Male,Freshman,Engineering,730,374,3483,675,230,68,212,124,72,156,118,181,Cash
373,25,Non-binary,Senior,Economics,561,759,4229,781,147,88,144,55,95,114,142,56,Mobile Payment App
374,25,Female,Sophomore,Economics,1212,616,5867,728,378,65,159,92,79,289,35,75,Cash
375,25,Non-binary,Freshman,Computer Science,1282,416,5824,594,309,121,108,58,91,234,104,120,Cash
376,21,Non-binary,Freshman,Biology,1438,364,5133,617,392,127,249,37,28,154,170,174,Mobile Payment App
377,18,Female,Senior,Psychology,702,531,4901,497,237,150,298,46,62,225,123,130,Credit/Debit Card
378,20,Male,Senior,Biology,1433,764,5002,589,397,51,288,135,100,71,48,112,Credit/Debit Card
379,25,Female,Freshman,Psychology,1444,542,4680,829,207,122,260,109,37,127,43,69,Cash
380,22,Female,Junior,Psychology,536,484,5803,413,326,104,86,99,69,197,167,157,Cash
381,18,Non-binary,Freshman,Engineering,1260,68,3610,637,296,86,87,50,54,230,183,137,Credit/Debit Card
382,18,Non-binary,Freshman,Biology,701,340,3235,969,337,65,152,113,99,169,161,159,Cash
383,18,Female,Freshman,Engineering,1309,144,3419,728,171,116,152,107,85,124,76,78,Cash
384,18,Non-binary,Sophomore,Economics,842,491,4582,473,202,156,279,120,81,270,67,78,Credit/Debit Card
385,24,Male,Freshman,Computer Science,617,863,3795,837,231,152,256,41,74,221,130,106,Credit/Debit Card
386,21,Non-binary,Junior,Engineering,1134,490,5864,714,370,96,199,114,82,67,190,24,Cash
387,23,Non-binary,Sophomore,Psychology,992,242,4210,495,187,114,58,132,96,154,134,179,Mobile Payment App
388,18,Non-binary,Freshman,Economics,1408,572,4271,477,320,78,150,150,81,163,46,24,Mobile Payment App
389,21,Female,Senior,Biology,1368,940,3234,405,334,59,114,23,67,135,190,22,Mobile Payment App
390,22,Male,Senior,Economics,716,157,4056,789,358,186,216,78,74,175,169,109,Cash
391,22,Non-binary,Freshman,Psychology,1224,581,5309,936,264,55,188,126,47,194,79,26,Credit/Debit Card
392,19,Non-binary,Senior,Biology,1349,788,4273,421,106,160,147,39,89,235,182,43,Cash
393,24,Female,Sophomore,Engineering,802,552,3146,724,213,95,135,103,70,267,54,123,Cash
394,18,Female,Senior,Psychology,973,318,3600,913,375,183,178,122,94,129,66,148,Cash
395,19,Female,Senior,Engineering,736,660,5945,478,342,75,279,43,49,107,94,57,Mobile Payment App
396,22,Male,Senior,Engineering,571,498,3897,648,181,56,275,86,57,287,79,110,Mobile Payment App
397,25,Female,Sophomore,Engineering,833,56,3133,615,147,90,201,81,30,148,42,121,Cash
398,22,Female,Freshman,Computer Science,713,382,4116,592,329,120,269,46,53,230,57,153,Credit/Debit Card
399,20,Male,Junior,Economics,1268,475,5900,661,264,157,258,52,38,167,174,44,Cash
400,19,Non-binary,Freshman,Biology,819,615,5075,858,153,200,115,76,90,139,154,44,Mobile Payment App
401,18,Male,Senior,Economics,1268,324,3788,483,339,159,120,55,22,212,173,78,Credit/Debit Card
402,18,Female,Senior,Engineering,1486,705,4043,661,178,64,276,80,69,144,115,26,Mobile Payment App
403,24,Male,Freshman,Computer Science,1005,536,3944,687,262,148,200,138,53,146,194,80,Cash
404,25,Female,Senior,Economics,1205,837,3014,593,183,142,112,77,59,209,145,78,Credit/Debit Card
405,24,Male,Senior,Engineering,1356,858,5137,747,109,170,153,46,40,131,85,120,Mobile Payment App
406,22,Male,Senior,Engineering,817,555,5754,716,382,135,142,21,29,188,183,41,Mobile Payment App
407,22,Male,Sophomore,Biology,706,75,4080,874,139,183,93,41,47,136,164,109,Cash
408,18,Non-binary,Junior,Economics,1102,490,5853,669,230,122,118,41,74,276,69,140,Cash
409,22,Male,Sophomore,Engineering,1279,898,3980,471,265,148,77,68,37,132,192,157,Credit/Debit Card
410,18,Male,Sophomore,Economics,1457,998,4232,957,375,139,167,141,31,196,35,55,Credit/Debit Card
411,21,Female,Freshman,Psychology,1306,37,4943,569,326,100,277,91,85,246,48,79,Cash
412,25,Male,Sophomore,Engineering,1309,433,4563,495,309,152,290,84,99,256,37,93,Credit/Debit Card
413,19,Male,Freshman,Biology,1482,705,4973,433,294,144,233,149,59,167,130,96,Credit/Debit Card
414,23,Male,Sophomore,Economics,1468,333,4845,563,107,74,129,119,24,123,98,173,Mobile Payment App
415,25,Female,Sophomore,Economics,869,102,3556,544,387,161,158,48,80,163,93,129,Credit/Debit Card
416,18,Male,Junior,Economics,886,917,5448,808,155,169,150,24,60,129,127,195,Mobile Payment App
417,19,Female,Freshman,Economics,1443,831,4289,511,190,152,108,88,61,178,146,103,Mobile Payment App
418,23,Non-binary,Freshman,Biology,766,95,4782,880,254,174,238,50,48,158,157,97,Cash
419,22,Non-binary,Senior,Biology,1403,31,4595,761,331,179,57,97,67,273,179,56,Cash
420,24,Non-binary,Freshman,Engineering,1372,803,4080,432,386,184,50,65,83,248,89,61,Credit/Debit Card
421,23,Non-binary,Freshman,Biology,1428,597,5495,816,332,127,271,100,22,93,163,60,Mobile Payment App
422,19,Male,Junior,Biology,1303,60,4515,511,387,179,244,68,100,261,35,154,Cash
423,20,Non-binary,Sophomore,Economics,572,823,5879,438,360,72,118,80,45,265,48,30,Credit/Debit Card
424,23,Non-binary,Junior,Economics,558,194,4648,865,183,60,113,128,38,265,42,167,Credit/Debit Card
425,23,Female,Junior,Engineering,1049,476,5972,663,116,162,52,110,21,202,86,63,Mobile Payment App
426,18,Female,Freshman,Computer Science,923,108,3640,409,384,117,249,76,68,152,86,128,Credit/Debit Card
427,18,Female,Freshman,Engineering,621,35,5779,558,252,109,289,82,51,98,53,100,Cash
428,21,Non-binary,Junior,Economics,660,348,5689,731,123,88,89,67,64,186,39,26,Mobile Payment App
429,21,Non-binary,Freshman,Biology,528,92,3863,899,127,184,100,21,55,195,125,134,Mobile Payment App
430,23,Female,Freshman,Psychology,640,618,3719,513,195,144,275,33,63,150,192,90,Mobile Payment App
431,18,Female,Senior,Computer Science,1427,573,4307,797,224,161,136,87,59,159,87,20,Mobile Payment App
432,18,Male,Sophomore,Computer Science,527,405,4577,532,133,134,292,62,50,164,33,127,Cash
433,25,Female,Freshman,Psychology,1295,787,4591,764,358,142,190,121,77,244,75,113,Cash
434,23,Female,Sophomore,Economics,1219,491,5149,551,168,126,184,41,67,203,83,35,Cash
435,24,Female,Senior,Engineering,959,696,3200,593,318,188,153,150,89,285,54,102,Cash
436,18,Non-binary,Sophomore,Biology,1483,995,3770,569,328,159,103,126,92,284,193,20,Credit/Debit Card
437,19,Non-binary,Sophomore,Psychology,646,986,5700,857,309,77,88,66,98,174,126,153,Mobile Payment App
438,23,Male,Senior,Biology,818,353,5174,662,222,160,194,28,98,193,177,166,Credit/Debit Card
439,18,Male,Senior,Engineering,1268,598,3398,483,304,119,168,34,95,261,107,172,Credit/Debit Card
440,22,Non-binary,Freshman,Biology,563,345,4713,953,249,181,128,54,54,273,40,122,Mobile Payment App
441,21,Male,Freshman,Psychology,1253,464,5096,404,278,178,235,58,69,89,161,101,Credit/Debit Card
442,18,Non-binary,Sophomore,Engineering,791,739,5601,628,269,116,102,55,58,179,66,136,Cash
443,22,Non-binary,Sophomore,Psychology,847,964,3374,999,375,165,172,44,51,180,30,125,Cash
444,24,Male,Junior,Economics,668,36,5962,635,280,166,176,112,83,191,115,41,Mobile Payment App
445,24,Male,Freshman,Computer Science,1022,883,3174,832,121,137,142,54,65,93,47,170,Cash
446,20,Non-binary,Senior,Economics,725,704,3181,440,363,85,219,24,73,189,190,33,Cash
447,24,Non-binary,Junior,Biology,733,144,3556,427,214,71,212,136,73,296,157,157,Credit/Debit Card
448,18,Non-binary,Freshman,Engineering,684,745,4569,884,322,140,265,20,99,201,132,164,Mobile Payment App
449,20,Male,Senior,Psychology,604,494,3326,622,216,141,54,90,98,268,56,137,Mobile Payment App
450,23,Male,Sophomore,Engineering,1346,83,5626,799,120,125,292,140,47,62,35,74,Mobile Payment App
451,23,Non-binary,Junior,Biology,1464,750,3907,493,364,61,170,93,23,88,113,191,Credit/Debit Card
452,18,Male,Sophomore,Psychology,1258,333,5189,537,370,195,195,84,57,126,125,71,Cash
453,22,Male,Freshman,Economics,925,476,3755,718,227,80,173,70,88,185,35,43,Cash
454,18,Male,Sophomore,Computer Science,927,880,5715,748,217,146,227,97,46,220,162,38,Mobile Payment App
455,20,Non-binary,Freshman,Engineering,1230,967,3784,430,216,55,247,74,90,171,52,162,Mobile Payment App
456,23,Non-binary,Freshman,Psychology,1437,777,5522,852,375,99,55,150,21,195,53,68,Credit/Debit Card
457,21,Female,Sophomore,Computer Science,989,158,3913,919,377,159,152,115,40,299,58,176,Credit/Debit Card
458,19,Male,Senior,Biology,910,724,5884,422,365,164,294,146,34,258,152,24,Cash
459,18,Male,Freshman,Computer Science,1323,441,3373,701,369,60,235,44,78,276,38,139,Cash
460,20,Female,Sophomore,Engineering,668,33,4067,453,243,84,283,132,72,294,50,99,Mobile Payment App
461,25,Female,Senior,Biology,1004,465,5665,835,126,179,297,23,52,238,79,104,Credit/Debit Card
462,21,Female,Junior,Economics,1415,561,3083,967,347,114,175,100,30,166,162,120,Credit/Debit Card
463,18,Male,Freshman,Engineering,948,739,3799,812,344,111,205,139,94,249,107,43,Credit/Debit Card
464,21,Non-binary,Junior,Biology,1010,248,3146,972,356,170,60,67,54,77,124,100,Mobile Payment App
465,19,Female,Sophomore,Biology,873,549,3887,423,111,120,166,116,68,255,137,30,Credit/Debit Card
466,19,Female,Sophomore,Computer Science,921,148,4073,677,212,78,173,52,33,141,161,69,Cash
467,19,Female,Freshman,Engineering,1459,285,4511,619,299,145,295,96,71,95,35,170,Mobile Payment App
468,25,Male,Freshman,Biology,672,213,3980,420,362,64,290,131,53,201,102,83,Credit/Debit Card
469,23,Non-binary,Senior,Engineering,1461,299,4335,500,120,65,112,83,41,83,54,107,Mobile Payment App
470,24,Male,Senior,Psychology,1492,644,4495,468,234,76,205,58,80,159,157,66,Credit/Debit Card
471,19,Male,Senior,Computer Science,627,995,5863,937,188,177,155,137,97,117,172,180,Cash
472,23,Male,Freshman,Computer Science,961,87,5819,781,393,56,155,64,86,146,63,48,Mobile Payment App
473,22,Male,Senior,Engineering,954,134,3455,664,332,183,227,36,69,180,45,68,Credit/Debit Card
474,20,Non-binary,Junior,Biology,1486,958,5843,757,119,135,72,114,47,82,93,136,Mobile Payment App
475,24,Female,Freshman,Psychology,1331,681,5918,949,335,125,258,94,94,171,34,127,Mobile Payment App
476,21,Female,Senior,Computer Science,551,492,3257,930,335,59,61,41,60,59,146,151,Cash
477,18,Non-binary,Senior,Biology,1352,475,5868,718,264,196,151,114,26,244,65,57,Credit/Debit Card
478,22,Female,Senior,Engineering,1437,204,3820,497,319,161,217,23,81,67,125,149,Mobile Payment App
479,25,Non-binary,Sophomore,Biology,1146,504,4965,707,295,127,114,97,30,141,63,24,Mobile Payment App
480,21,Male,Freshman,Biology,1341,899,3133,850,364,183,262,129,26,188,94,130,Credit/Debit Card
481,25,Female,Sophomore,Biology,1331,227,5479,750,155,184,88,87,72,87,157,53,Mobile Payment App
482,25,Male,Freshman,Computer Science,1195,845,3900,624,258,183,178,122,91,271,53,94,Mobile Payment App
483,24,Non-binary,Sophomore,Psychology,1247,269,5692,638,158,196,190,92,88,174,100,68,Cash
484,25,Female,Senior,Biology,663,798,5418,420,389,97,282,144,84,149,123,167,Cash
485,23,Female,Senior,Engineering,861,776,4227,924,143,190,208,114,82,119,172,71,Credit/Debit Card
486,23,Male,Senior,Economics,568,340,3025,620,300,92,233,75,52,296,191,109,Credit/Debit Card
487,20,Female,Senior,Psychology,802,254,4626,568,179,64,265,124,51,117,158,123,Credit/Debit Card
488,24,Male,Freshman,Economics,821,414,5858,719,174,133,52,76,65,142,66,39,Cash
489,19,Female,Freshman,Computer Science,1009,770,4354,511,300,189,156,150,54,270,146,46,Credit/Debit Card
490,19,Non-binary,Junior,Computer Science,526,633,3093,940,215,109,54,31,80,193,192,42,Mobile Payment App
491,22,Female,Junior,Computer Science,502,755,3717,473,153,54,53,92,50,290,144,70,Mobile Payment App
492,19,Non-binary,Freshman,Biology,860,550,5703,503,203,171,117,29,31,87,82,196,Mobile Payment App
493,18,Non-binary,Junior,Economics,1420,576,5141,835,168,102,277,57,47,260,86,196,Cash
494,21,Female,Senior,Computer Science,540,931,4582,651,221,135,100,21,39,75,72,183,Mobile Payment App
495,25,Non-binary,Freshman,Psychology,737,995,4234,562,288,62,293,103,89,281,31,162,Mobile Payment App
496,22,Non-binary,Freshman,Psychology,503,57,3138,843,276,177,175,37,26,258,105,165,Cash
497,22,Female,Freshman,Computer Science,673,972,5357,828,279,95,298,97,21,154,34,162,Mobile Payment App
498,25,Female,Freshman,Psychology,681,115,5355,848,209,118,51,112,83,240,188,172,Cash
499,22,Male,Freshman,Computer Science,1356,766,5387,599,347,200,238,77,65,190,72,196,Mobile Payment App
500,25,Female,Sophomore,Computer Science,1062,390,3394,946,298,117,191,116,36,102,73,159,Credit/Debit Card
501,18,Male,Sophomore,Economics,1399,653,3413,703,157,182,67,41,81,108,154,28,Cash
502,19,Female,Junior,Engineering,1402,705,3268,715,305,134,87,100,100,228,103,144,Cash
503,24,Non-binary,Sophomore,Engineering,1184,260,5610,490,376,168,183,102,73,183,85,123,Cash
